id,name_ru,name_en,line,lat,lon,enterTime,exitTime,num_exits,BANK,BATTERY,CANDY,CARRIER,COFFEE,ELEVATOR,FLOWERS,FOOD,GIFT_SHOP,INFO,INVALID,OPTICS,PARKING,PRINT,SALES,THEATRE,TOILET,VENDING,WINDOW
1,Бульвар Рокоссовского,Bulvar Rokossovskogo,1,55.814789,37.733928,300,300,5,1,0,0,0,0,0,0,0,0,0,0,0,0,0,0,0,0,1,0
22,Воробьёвы горы,Vorobyovy Gory,1,55.710438,37.559317,300,300,4,1,1,0,0,0,0,0,0,0,1,0,0,0,0,0,0,0,0,0
24,Проспект Вернадского,Prospekt Vernadskogo,1,55.67691,37.505831,300,300,7,0,0,0,0,0,0,0,0,0,0,1,0,0,0,0,0,0,0,0
26,Юго-Западная,Yugo-Zapadnaya,1,55.663629,37.483095,300,300,8,1,1,0,1,0,0,1,0,0,0,0,0,0,1,1,0,0,1,0
7,Речной вокзал,Rechnoy Vokzal,2,55.854891,37.476231,300,300,2,1,0,0,0,0,0,0,0,0,0,0,0,0,0,0,0,0,0,0
102,Славянский бульвар,Slavyanskiy Bulvar,3,55.729574,37.470572,300,300,4,1,0,0,0,0,1,0,0,0,1,1,0,1,0,0,0,0,0,0
129,Филёвский парк,Filevsky Park,4,55.73944,37.48302,300,300,2,0,0,0,0,0,1,0,0,0,0,1,0,0,0,0,0,0,0,0
8,Черкизовская,Cherkizovskaya,1,55.803671,37.744927,300,300,3,1,1,1,1,1,1,0,0,0,1,0,0,0,0,1,0,0,0,0
11,Красносельская,Krasnoselskaya,1,55.779818,37.666225,300,300,1,1,0,0,0,0,0,0,0,0,0,0,0,0,0,0,0,0,0,0
12,Комсомольская,Komsomolskaya,1,55.775712,37.656165,300,300,12,1,1,0,0,0,0,0,0,0,0,0,0,0,0,0,0,0,0,0
13,Красные Ворота,Krasniye Vorota,1,55.768659,37.64922,300,300,2,1,1,0,1,0,0,0,0,0,0,0,0,0,0,0,0,0,0,0
15,Лубянка,Lubyanka,1,55.759456,37.626789,300,300,10,1,1,0,1,0,0,1,0,0,0,0,0,0,0,0,0,0,0,0
16,Охотный Ряд,Okhotny Ryad,1,55.756964,37.615524,300,300,9,1,0,0,0,0,0,0,1,0,0,0,0,0,0,0,0,0,0,0
17,Библиотека им. Ленина,Biblioteka Imeni Lenina,1,55.752257,37.611024,300,300,7,1,0,0,1,0,0,0,0,0,0,0,0,0,0,0,0,1,0,0
18,Кропоткинская,Kropotkinskaya,1,55.744998,37.601586,300,300,2,1,1,0,1,0,0,0,0,0,0,0,0,0,0,0,0,1,0,0
21,Спортивная,Sportivnaya,1,55.723247,37.564105,300,300,2,1,0,0,0,0,0,0,0,0,0,0,0,0,0,0,0,0,0,0
23,Университет,Universitet,1,55.691707,37.534935,300,300,2,1,0,0,1,0,0,0,0,0,0,0,0,0,0,0,0,0,0,0
33,Тропарёво,Troparevo,1,55.644627,37.471919,300,300,8,0,0,0,0,0,1,0,0,0,0,1,0,0,1,1,0,0,0,0
34,Румянцево,Rumyantsevo,1,55.633028,37.441395,300,300,2,1,0,0,0,0,1,0,0,0,0,1,0,0,0,0,0,0,1,0
36,Филатов Луг,Filatov Lug,1,55.601177,37.407995,300,300,2,0,0,0,0,0,1,0,0,0,0,1,0,1,0,0,0,0,0,0
37,Прокшино,Prokshino,1,55.586456,37.43322,300,300,2,0,0,0,0,0,1,0,0,0,0,1,0,1,0,0,0,0,0,0
38,Ольховая,Olkhovaya,1,55.56898,37.459047,300,300,1,1,0,0,0,0,1,0,0,0,0,1,0,0,0,0,0,0,0,0
2,Ховрино,Khovrino,2,55.878273,37.480768,300,300,6,1,1,0,0,0,1,0,0,0,0,0,0,0,0,0,0,0,1,0
41,Сокол,Sokol,2,55.805042,37.514787,300,300,6,1,0,1,1,1,0,1,0,0,0,0,1,0,1,1,1,0,0,0
42,Аэропорт,Aeroport,2,55.800979,37.531765,300,300,4,1,0,0,0,0,0,0,0,0,0,0,0,0,0,0,0,0,0,0
43,Динамо,Dinamo,2,55.789704,37.558212,300,300,2,0,0,0,0,0,0,0,0,0,0,0,0,0,0,0,0,0,0,0
45,Маяковская,Mayakovskaya,2,55.76996,37.595914,300,300,4,1,1,0,1,0,0,0,0,1,0,0,0,0,0,1,0,1,1,0
46,Тверская,Tverskaya,2,55.764455,37.605939,300,300,10,0,0,0,0,0,0,0,0,0,0,1,0,0,0,0,0,0,0,0
48,Новокузнецкая,Novokuznetskaya,2,55.74185,37.629295,300,300,1,1,1,0,1,0,0,0,0,0,0,0,0,0,0,0,0,0,0,0
49,Павелецкая,Paveletskaya,2,55.729797,37.638952,300,300,3,1,1,0,0,0,0,0,0,0,1,0,0,0,0,0,0,0,0,0
88,Автозаводская,Avtozavodskaya,2,55.707553,37.657654,300,300,3,1,0,0,1,1,0,1,0,0,0,0,0,0,0,1,1,0,0,0
89,Технопарк,Tekhnopark,2,55.693931,37.66442,300,300,8,1,1,0,0,0,1,0,0,0,0,1,0,0,0,0,0,0,0,0
95,Каширская,Kashirskaya,2,55.655107,37.648798,300,300,4,0,0,0,0,0,0,0,0,0,0,1,0,0,0,0,0,0,0,0
98,Кантемировская,Kantemirovskaya,2,55.636107,37.656218,300,300,6,1,0,0,0,0,0,0,0,0,0,0,0,0,0,0,0,0,0,0
101,Царицыно,Tsaritsyno,2,55.621653,37.669028,300,300,6,1,0,1,1,1,0,1,0,0,0,0,1,1,1,1,1,0,1,0
116,Орехово,Orekhovo,2,55.612884,37.695331,300,300,3,1,0,1,0,1,0,0,0,0,0,0,0,0,0,1,0,0,0,0
91,Митино,Mitino,3,55.845734,37.362154,300,300,10,1,1,1,1,1,1,1,0,0,0,1,1,0,1,1,1,0,1,0
93,Волоколамская,Volokolamskaya,3,55.835508,37.382034,300,300,2,1,0,0,1,0,1,0,0,0,0,1,0,1,0,0,0,0,0,0
94,Мякинино,Myakinino,3,55.82489,37.385331,300,300,3,0,0,0,0,0,0,0,0,0,0,1,0,0,0,0,0,0,0,0
96,Строгино,Strogino,3,55.803691,37.403118,300,300,8,1,1,0,0,0,1,0,0,0,0,1,0,1,1,1,0,0,1,0
99,Молодёжная,Molodezhnaya,3,55.740867,37.416619,300,300,2,1,0,0,0,0,0,0,0,0,0,0,0,0,0,0,0,0,0,0
127,Кунцевская,Kuntsevskaya,4,55.730675,37.445477,300,300,1,0,0,0,0,0,0,0,0,0,0,1,0,0,0,0,0,0,0,0
112,Киевская,Kievskaya,3,55.743923,37.568102,300,300,2,1,0,0,1,0,0,0,0,0,0,0,0,0,0,0,0,0,0,0
115,Смоленская,Smolenskaya,3,55.747748,37.583832,300,300,1,1,0,0,0,0,0,0,0,0,0,0,0,0,0,0,0,0,0,0
117,Арбатская,Arbatskaya,3,55.752536,37.604196,300,300,1,1,1,0,0,0,0,0,1,0,1,0,0,0,0,0,0,0,0,0
119,Курская,Kurskaya,3,55.758524,37.65876,300,300,1,1,1,0,0,0,0,0,0,0,0,0,0,0,0,0,0,0,0,0
120,Бауманская,Baumanskaya,3,55.772406,37.679035,300,300,1,1,0,0,0,0,0,0,0,0,0,0,0,0,0,0,0,0,0,0
121,Электрозаводская,Elektrozavodskaya,3,55.782066,37.705284,300,300,1,0,0,0,0,0,0,0,0,0,0,1,0,0,0,0,0,0,0,0
122,Семёновская,Semenovskaya,3,55.783195,37.719423,300,300,1,1,0,0,0,0,0,0,0,0,0,0,0,0,0,0,0,1,0,0
124,Измайловская,Izmaylovskaya,3,55.787802,37.779903,300,300,7,0,0,0,0,0,0,0,0,0,0,0,0,1,0,0,0,0,0,0
125,Первомайская,Pervomayskaya,3,55.79579,37.798935,300,300,4,1,1,0,0,0,0,0,0,0,0,0,0,0,0,1,0,0,1,0
126,Щёлковская,Schelkovskaya,3,55.810383,37.798293,300,300,6,1,0,0,0,0,0,0,0,0,0,0,0,0,0,0,0,0,0,0
128,Пионерская,Pionerskaya,4,55.736059,37.467458,300,300,2,0,0,0,0,0,1,0,0,0,0,1,0,0,0,0,0,0,0,0
138,Студенческая,Studencheskaya,4,55.738902,37.548298,300,300,1,0,0,0,0,0,1,0,0,0,0,1,0,0,0,0,0,0,0,0
136,Фили,Fili,4,55.746725,37.514093,300,300,3,0,0,0,0,0,1,0,0,0,0,1,0,0,0,0,0,0,0,0
178,Ленинский проспект,Leninskiy prospekt,5,55.708419,37.587532,300,300,2,1,0,0,0,0,0,0,0,0,0,0,0,0,0,0,0,0,0,0
181,Новые Черёмушки,Novie Cheryomushki,5,55.671235,37.555321,300,300,8,1,0,0,1,0,0,1,0,0,0,0,0,0,1,1,1,0,1,0
202,Улица 1905 года,Ulitsa 1905 Goda,8,55.765435,37.560437,300,300,3,1,1,1,1,1,0,1,0,0,0,0,0,0,1,1,0,0,0,0
171,Парк культуры,Park Kultury,6,55.735108,37.593387,300,300,2,1,1,0,0,0,0,0,0,0,1,0,0,0,0,0,0,0,0,0
176,Белорусская,Belorusskaya,6,55.775317,37.58278,300,300,3,1,0,0,0,0,0,1,0,0,1,0,0,0,1,1,0,0,0,0
142,Домодедовская,Domodedovskaya,2,55.610814,37.718552,300,300,14,1,0,1,1,1,0,0,1,0,0,0,0,1,1,1,1,0,1,0
148,Алма-Атинская,Alma-Atinskaya,2,55.63282,37.765911,300,300,2,1,1,0,0,0,1,0,0,0,0,1,0,0,0,0,0,0,0,0
173,Киевская,Kievskaya,6,55.742989,37.564488,300,300,6,1,0,0,0,0,0,0,0,0,1,0,0,0,0,0,0,0,0,0
141,Киевская,Kievskaya,4,55.743113,37.564751,300,300,6,0,0,0,0,0,0,0,0,0,0,0,0,0,0,0,0,0,0,0
151,Смоленская,Smolenskaya,4,55.747952,37.583806,300,300,1,1,0,0,0,0,0,0,0,0,0,0,0,0,0,0,0,0,0,0
152,Арбатская,Arbatskaya,4,55.752386,37.603279,300,300,1,1,1,0,0,0,0,0,0,0,0,0,0,0,0,0,0,0,0,0
164,Курская,Kurskaya,6,55.755992,37.658759,300,300,3,1,0,0,1,0,0,0,0,0,1,0,0,0,0,0,0,0,0,0
137,Кутузовская,Kutuzovskaya,4,55.73948,37.534731,300,300,2,0,0,0,1,0,0,0,0,0,0,1,0,0,0,0,0,0,0,0
161,Проспект Мира,Prospekt Mira,6,55.781762,37.633345,300,300,1,1,0,0,0,0,0,0,0,0,0,0,0,0,0,0,0,0,0,0
177,Новослободская,Novoslobodskaya,6,55.779503,37.601021,300,300,1,1,0,0,0,0,0,0,0,0,0,0,0,0,0,0,0,0,0,0
170,Октябрьская,Oktyabrskaya,6,55.729349,37.611311,300,300,2,1,0,0,0,0,0,0,0,0,1,0,0,0,0,0,0,0,1,0
172,Октябрьская,Oktyabrskaya,5,55.731328,37.612624,300,300,1,1,0,0,0,0,0,0,0,0,0,0,0,0,0,0,0,0,0,0
168,Добрынинская,Dobryninskaya,6,55.729083,37.622869,300,300,1,1,0,0,1,0,0,0,0,0,0,0,0,0,0,0,0,0,0,0
149,Медведково,Medvedkovo,5,55.886008,37.661087,150,150,2,1,0,0,0,0,0,0,0,0,0,0,0,1,0,0,0,0,0,0
150,Бабушкинская,Babushkinskaya,5,55.868448,37.663208,300,300,6,1,0,0,0,0,0,0,0,0,0,0,0,1,0,0,0,0,0,0
154,Свиблово,Sviblovo,5,55.854369,37.651411,300,300,5,1,0,1,1,1,0,0,0,0,0,0,0,0,1,1,1,0,1,0
156,ВДНХ,VDNKha,5,55.822422,37.641568,300,300,5,1,0,1,1,1,0,1,0,0,0,0,1,0,1,1,0,1,0,0
157,Алексеевская,Alekseevskaya,5,55.807893,37.638795,300,300,1,1,0,0,0,0,0,0,0,0,0,0,0,0,0,0,0,0,0,0
158,Рижская,Rizhskaya,5,55.792608,37.635978,300,300,1,1,0,0,0,0,0,0,0,0,0,0,0,0,0,0,0,0,0,0
160,Сухаревская,Sukharevskaya,5,55.772245,37.632071,300,300,4,1,1,1,1,0,0,1,0,0,0,0,0,0,1,1,1,0,1,0
162,Тургеневская,Turgenevskaya,5,55.765484,37.636496,300,300,8,1,0,0,1,0,0,0,0,0,1,0,0,0,0,0,0,0,1,0
166,Китай-город,Kitay-gorod,5,55.756731,37.630883,300,300,14,1,0,1,1,1,0,1,1,0,1,0,1,0,1,1,1,0,1,0
179,Академическая,Akademicheskaya,5,55.686993,37.572165,300,300,8,0,1,0,0,0,0,0,0,0,0,0,0,0,0,0,0,0,1,0
180,Профсоюзная,Profsoyuznaya,5,55.677298,37.561834,300,300,8,1,0,0,0,0,0,0,0,0,0,0,0,0,0,0,0,0,1,0
182,Калужская,Kaluzhskaya,5,55.655313,37.539222,300,300,10,1,0,0,0,0,0,0,0,0,0,0,0,0,0,0,0,0,0,0
183,Беляево,Belyaevo,5,55.641868,37.525412,300,300,8,1,0,0,0,0,0,0,0,0,0,0,0,0,0,0,0,0,1,0
186,Ясенево,Yasenevo,5,55.605517,37.534881,300,300,8,1,1,1,1,1,0,0,0,0,0,0,1,1,1,1,1,0,1,0
187,Новоясеневская,Novoyasenevskaya,5,55.601509,37.552851,300,300,3,1,1,0,0,0,0,0,0,0,0,0,0,0,0,0,0,0,1,0
191,Планерная,Planernaya,8,55.861784,37.436163,300,300,2,1,0,0,0,0,0,0,0,0,0,0,0,1,0,1,0,0,0,0
193,Сходненская,Skhodnenskaya,8,55.851427,37.438593,300,300,9,1,0,0,1,1,0,1,0,0,0,0,1,0,1,1,1,0,1,0
196,Спартак,Spartak,8,55.817523,37.43463,300,300,5,1,0,0,0,0,1,0,0,0,0,1,0,0,0,0,0,0,0,0
197,Щукинская,Schukinskaya,8,55.809145,37.46265,300,300,4,1,0,0,0,0,0,1,0,0,0,0,0,0,0,0,0,0,0,0
199,Октябрьское поле,Oktyabrskoe Pole,8,55.793962,37.492258,300,300,8,1,0,1,0,1,0,0,0,0,0,0,0,0,1,1,1,0,1,0
201,Беговая,Begovaya,8,55.773401,37.544531,300,300,6,1,0,1,1,1,0,1,0,0,0,0,1,1,0,1,1,0,1,0
203,Баррикадная,Barrikadnaya,8,55.760822,37.581581,300,300,1,1,1,0,0,0,0,0,0,0,1,0,0,0,0,0,0,0,0,0
204,Пушкинская,Pushkinskaya,8,55.76561,37.60814,300,300,14,1,1,0,1,0,0,1,0,0,1,0,0,0,0,0,0,1,1,0
188,Алтуфьево,Altufyevo,7,55.899293,37.586432,300,300,8,1,1,1,1,1,0,1,0,0,0,0,1,0,1,1,1,0,1,0
189,Бибирево,Bibirevo,7,55.88404,37.604711,300,300,6,1,0,0,0,0,0,0,0,0,0,0,0,1,0,1,0,0,1,0
192,Владыкино,Vladykino,7,55.848399,37.590437,300,300,2,1,0,0,0,0,0,0,0,0,0,1,0,0,0,0,0,0,0,0
195,Петровско-Разумовская,Petrovsko-Razumovskaya,7,55.836665,37.575827,300,300,5,1,0,0,0,0,0,0,0,0,0,0,0,0,0,0,0,0,0,0
198,Тимирязевская,Timiryazevskaya,7,55.818659,37.574511,300,300,7,1,0,1,1,1,0,1,0,0,0,1,1,1,1,1,1,0,1,0
133,Багратионовская,Bagrationovskaya,4,55.74366,37.497393,300,300,2,0,0,0,0,0,1,0,0,0,0,1,0,0,0,0,0,0,0,0
167,Павелецкая,Paveletskaya,6,55.731524,37.635997,300,300,2,1,1,0,0,0,0,0,0,0,1,0,0,0,0,0,0,0,0,0
174,Краснопресненская,Krasnopresnenskaya,6,55.760329,37.57697,300,300,1,1,0,0,1,0,0,0,0,0,0,0,0,0,0,0,0,1,0,0
185,Тёплый Стан,Tyopliy Stan,5,55.619857,37.505166,300,300,9,1,0,0,1,0,0,0,0,0,0,0,0,1,0,0,0,0,0,0
244,Селигерская,Seligerskaya,10,55.86482,37.54833,300,300,4,1,1,0,0,0,1,0,0,0,0,1,0,0,0,0,0,0,0,0
248,Фонвизинская,Fonvizinskaya,10,55.8226,37.58806,300,300,4,1,0,0,0,0,1,0,0,0,0,0,0,0,0,0,0,0,0,0
217,Лермонтовский проспект,Lermontovsky Prospekt,8,55.700753,37.854255,300,300,6,1,1,1,1,1,1,0,1,0,0,1,1,0,1,1,1,0,1,0
215,Рязанский проспект,Ryazanskiy Prospekt,8,55.716275,37.792694,300,300,2,0,0,0,0,0,0,0,0,0,0,0,0,0,0,0,0,0,0,0
249,Бутырская,Butyrskaya,10,55.81315,37.60278,300,300,4,1,1,0,0,0,1,0,0,0,0,0,0,0,0,0,0,0,0,0
211,Менделеевская,Mendeleevskaya,7,55.781511,37.598608,300,300,3,1,1,1,1,1,0,0,0,0,1,0,0,0,1,1,1,1,1,0
251,Достоевская,Dostoevskaya,10,55.781608,37.613911,300,300,3,1,1,0,1,0,1,0,0,0,0,0,0,0,0,0,0,0,0,0
252,Трубная,Trubnaya,10,55.767817,37.621819,300,300,1,1,1,0,0,0,0,0,0,1,0,0,0,0,0,1,0,0,1,0
259,Крестьянская застава,Krestyanskaya zastava,10,55.732304,37.66549,300,300,1,1,0,0,0,1,0,0,0,0,0,0,1,0,0,1,0,0,1,0
261,Дубровка,Dubrovka,10,55.717828,37.676163,300,300,3,1,0,1,1,1,0,0,0,0,0,0,0,0,1,1,0,0,1,0
265,Печатники,Pechatniki,10,55.692663,37.727813,300,300,5,1,0,0,0,0,0,0,0,0,0,1,0,0,0,0,0,0,0,0
243,Третьяковская,Tretyakovskaya,9,55.740683,37.625617,300,300,1,1,1,0,1,0,0,1,0,0,0,0,0,0,0,0,0,1,1,0
240,Авиамоторная,Aviamotornaya,9,55.751553,37.716347,300,300,9,1,0,0,1,0,0,0,0,0,0,1,0,0,0,0,0,0,0,0
255,Чкаловская,Chkalovskaya,10,55.756058,37.659424,300,300,2,1,0,0,0,0,0,0,0,0,1,0,0,0,0,0,0,1,0,0
270,Братиславская,Bratislavskaya,10,55.660114,37.752622,300,300,6,1,0,0,0,0,0,0,0,0,0,0,0,1,0,0,0,0,1,0
272,Марьино,Maryino,10,55.651296,37.743716,300,300,8,1,0,1,1,1,0,0,0,0,0,0,0,0,1,1,1,0,1,0
273,Борисово,Borisovo,10,55.632344,37.743383,300,300,2,1,1,0,0,0,1,0,0,0,0,1,0,0,0,0,0,0,1,0
253,Сретенский бульвар,Sretenskiy bulvar,10,55.766086,37.637091,300,300,6,1,1,0,0,0,0,0,1,0,0,0,0,0,0,0,0,1,1,0
213,Текстильщики,Tekstilschiki,8,55.708588,37.728853,300,300,6,1,0,0,1,0,0,0,0,0,0,1,0,0,0,0,0,0,0,0
208,Таганская,Taganskaya,8,55.739308,37.652958,300,300,3,0,0,0,0,0,0,0,0,0,0,0,0,0,0,0,0,0,0,0
206,Кузнецкий мост,Kuznetsky Most,8,55.761602,37.624196,300,300,1,1,1,0,1,0,0,0,0,0,1,0,0,0,0,0,0,0,0,0
239,Шоссе Энтузиастов,Shosse Entuziastov,9,55.758407,37.751538,300,300,4,1,0,0,0,0,0,0,0,0,0,0,0,0,0,0,0,0,0,0
241,Площадь Ильича,Ploschad Ilyicha,9,55.747278,37.680783,300,300,4,1,0,0,1,0,0,0,0,0,0,0,0,0,0,0,0,0,0,0
233,Улица Академика Янгеля,Ulitsa Akademika Yangelya,7,55.594294,37.601029,300,300,7,1,1,0,0,0,0,1,1,0,0,0,1,0,0,1,0,0,1,0
228,Нахимовский проспект,Nakhimovskiy prospekt,7,55.663502,37.606176,300,300,5,1,0,0,0,0,0,0,0,0,0,0,0,0,0,0,0,0,1,0
250,Марьина Роща,Maryina Roscha,10,55.793505,37.616813,300,300,5,1,0,0,0,0,1,0,0,0,0,0,0,0,0,0,0,0,1,0
210,Пролетарская,Proletarskaya,8,55.731764,37.664368,300,300,9,1,0,1,1,1,0,1,0,0,0,0,1,0,1,1,1,0,1,0
214,Кузьминки,Kuzminki,8,55.705308,37.763751,300,300,8,0,0,0,0,0,0,1,0,0,0,0,0,0,0,0,0,0,1,0
216,Выхино,Vykhino,8,55.715758,37.819001,300,300,5,1,0,0,0,0,0,0,0,0,0,0,0,1,0,0,0,0,0,0
219,Жулебино,Zhulebino,8,55.683938,37.855332,300,300,11,1,1,0,1,0,1,0,0,0,0,1,0,0,0,0,0,0,1,0
236,Новокосино,Novokosino,9,55.746082,37.865791,300,300,5,1,1,1,1,1,1,1,1,0,0,1,0,1,0,1,0,0,0,0
237,Новогиреево,Novogireevo,9,55.751429,37.81846,300,300,8,1,0,1,1,1,0,1,0,0,0,0,0,0,0,1,0,0,1,0
238,Перово,Perovo,9,55.751201,37.784381,300,300,8,1,1,0,0,0,0,0,0,0,0,0,0,0,0,0,0,0,1,0
257,Римская,Rimskaya,10,55.746431,37.678889,300,300,4,1,1,0,0,0,0,0,0,0,0,0,0,0,0,1,1,0,1,0
247,Петровско-Разумовская,Petrovsko-Razumovskaya,10,55.833491,37.572943,300,300,2,1,1,0,0,0,1,0,0,0,0,0,0,0,0,0,0,0,1,0
218,Цветной бульвар,Tsvetnoy Bulvar,7,55.77174,37.620712,300,300,1,1,1,0,1,0,0,0,0,0,0,0,0,0,0,0,0,1,1,0
221,Чеховская,Chekhovskaya,7,55.766051,37.608183,300,300,4,1,0,0,1,0,0,0,0,0,0,0,0,0,0,0,0,1,0,0
222,Боровицкая,Borovitskaya,7,55.750526,37.609171,300,300,1,1,0,0,1,0,0,0,0,0,0,0,0,0,0,0,0,1,0,0
223,Полянка,Polyanka,7,55.7368,37.618621,300,300,1,1,1,0,1,0,0,0,0,0,0,0,1,0,1,1,1,0,1,0
225,Тульская,Tulskaya,7,55.70783,37.622461,300,300,2,1,0,0,0,0,0,0,0,0,0,0,0,0,0,0,0,0,1,0
226,Нагатинская,Nagatinskaya,7,55.682151,37.620931,300,300,6,1,0,1,1,1,0,1,0,0,0,0,1,0,1,1,0,0,0,0
227,Нагорная,Nagornaya,7,55.672805,37.610955,300,300,3,1,1,0,1,0,0,0,0,0,0,0,0,0,1,1,1,0,1,0
230,Чертановская,Chertanovskaya,7,55.639985,37.607977,300,300,8,1,1,1,1,1,0,1,0,0,0,0,1,0,1,1,0,0,0,0
231,Южная,Yuzhnaya,7,55.622278,37.608975,300,300,8,1,0,1,1,1,0,0,0,0,0,0,0,0,1,1,1,0,1,0
232,Пражская,Prazhskaya,7,55.611707,37.603215,300,300,12,1,0,1,1,0,0,1,0,0,0,0,1,1,1,1,1,0,1,0
234,Аннино,Annino,7,55.5832,37.59674,300,300,4,1,1,0,0,0,0,1,1,0,0,0,0,1,0,1,0,0,0,0
266,Каховская,Kahovskaya,11,55.652922,37.596397,300,300,7,1,0,0,0,0,0,0,0,0,0,1,0,0,0,0,0,0,0,0
333,Тушинская,Tushinskaya,15,55.827283,37.440529,300,300,5,0,1,0,0,0,0,0,0,0,0,0,0,0,0,0,0,0,0,0
296,Мичуринский проспект,Michurinskiy Prospekt,13,55.6887,37.485,,,2,1,1,0,0,0,1,0,0,0,0,1,0,0,0,0,0,0,0,0
298,Озёрная,Ozyornaya,13,55.6697,37.4495,300,300,4,1,0,0,0,0,1,0,0,0,0,1,0,0,0,0,0,0,0,0
279,Улица Старокачаловская,Ulitsa Starokachalovskaya,12,55.567972,37.576552,300,300,2,1,1,0,0,0,0,0,0,0,0,0,0,0,0,0,0,0,0,0
300,Говорово,Govorovo,13,55.6588,37.4174,300,300,4,0,0,0,0,0,1,0,0,0,0,1,0,0,0,0,0,0,0,0
303,Солнцево,Solntsevo,13,55.649,37.3911,300,300,4,1,0,0,0,0,1,0,0,0,0,1,0,0,0,0,0,0,0,0
306,Новопеределкино,Novoperedelkino,13,55.6385,37.3545,300,300,4,1,1,0,0,0,1,0,0,0,0,1,0,0,0,0,0,0,0,0
311,Тимирязевская,Timiryazevskaya,14,55.819312,37.575798,300,300,6,0,0,0,0,0,0,0,0,0,0,0,0,1,0,0,0,0,0,0
312,Савёловская,Savyolovskaya,14,55.79507,37.589218,300,300,4,0,0,0,0,0,0,0,0,0,0,1,0,0,0,0,0,0,0,0
290,Лобня,Lobnya,14,56.013572,37.484647,300,300,2,0,0,0,0,0,0,0,0,0,0,1,0,0,0,0,0,0,0,0
307,Бескудниково,Beskudnikovo,14,55.879818,37.567929,300,300,3,0,0,0,0,0,0,0,0,0,0,1,0,0,0,0,0,0,0,0
319,Рабочий посёлок,Rabochiy Poselok,14,55.726822,37.418391,,,4,0,0,0,0,0,0,0,0,0,0,1,0,0,0,0,0,0,0,0
336,Красный Балтиец,Krasniy Baltiets,15,55.815559,37.526197,300,300,4,0,1,0,0,0,0,0,0,0,0,0,0,0,0,0,0,0,0,0
317,Славянский бульвар,Slavyanskiy Bulvar,14,55.730431,37.472512,300,300,3,0,0,0,0,0,0,0,0,0,0,1,0,0,0,0,0,0,0,0
316,Фили,Fili,14,55.744191,37.51472,300,300,3,0,0,0,0,0,0,0,0,0,0,1,0,0,0,0,0,0,0,0
277,Битцевский парк,Bitsevsky Park,12,55.600268,37.556238,300,300,1,1,1,0,0,0,1,0,0,0,0,1,0,0,0,0,0,0,0,0
283,Бунинская Аллея,Buninskaya Alleya,12,55.537594,37.514559,300,300,1,0,0,0,0,0,1,0,1,0,0,1,0,0,0,0,0,0,0,0
282,Улица Горчакова,Ulitsa Gorchakova,12,55.542111,37.531991,300,300,1,0,0,0,0,0,1,0,1,0,0,1,0,0,0,0,0,0,0,0
315,Тестовская (Москва-Сити),Testovskaya (Moskva-City),14,55.753775,37.531411,300,300,1,0,0,0,0,0,0,0,0,0,0,1,0,0,0,0,0,0,0,0
313,Белорусская,Belorusskaya,14,55.776879,37.580318,300,300,6,0,0,0,0,0,0,0,0,0,0,1,0,0,0,0,0,0,0,0
331,Волоколамская,Volokolamskaya,15,55.832296,37.383902,300,300,1,0,0,0,0,0,1,0,0,0,0,0,0,1,0,0,0,0,0,0
318,Кунцевская,Kuntsevskaya,14,55.726898,37.449064,300,300,3,0,0,0,0,0,0,0,0,0,0,1,0,1,0,0,0,0,0,0
344,Курская,Kurskaya,15,55.758462,37.662306,300,300,2,0,0,0,0,0,1,0,0,0,0,0,0,0,0,1,0,0,1,0
334,Щукинская,Schukinskaya,15,55.81125,37.460331,300,300,2,0,0,0,0,0,0,0,0,0,0,1,0,0,0,0,0,0,0,0
314,Беговая,Begovaya,14,55.77329,37.550397,300,300,3,0,0,0,0,0,0,0,0,0,0,0,0,1,1,0,0,0,0,0
291,Минская,Minskaya,13,55.723947,37.497872,300,300,2,1,1,0,0,0,1,0,0,0,0,1,0,0,0,0,0,0,1,0
278,Лесопарковая,Lesoparkovaya,12,55.581567,37.578136,300,300,1,0,0,0,0,0,1,0,0,0,0,1,0,0,0,0,0,0,0,0
304,Лианозово,Lianozovo,14,55.898567,37.549822,300,300,6,0,0,0,0,0,0,0,0,0,0,1,0,1,0,0,0,0,0,0
342,Белокаменная,Belokamennaya,16,55.829572,37.702115,300,300,2,0,1,0,0,0,0,0,0,0,0,1,0,0,0,0,0,0,1,0
267,Волжская,Volzhskaya,10,55.690228,37.755294,300,300,4,1,0,0,1,0,0,0,0,0,0,0,0,0,1,1,0,0,0,0
292,Шереметьевская,Sheremetesvkaya,14,55.983877,37.498678,300,300,6,0,0,0,0,0,0,0,0,0,0,1,0,0,0,0,0,0,0,0
295,Хлебниково,Khlebnikovo,14,55.970941,37.504466,300,300,2,0,0,0,0,0,0,0,0,0,0,1,0,0,0,0,0,0,0,0
297,Водники,Vodniki,14,55.952478,37.512469,300,300,5,0,0,0,0,0,0,0,0,0,0,1,0,0,0,0,0,0,0,0
301,Новодачная,Novodachnaya,14,55.924474,37.527789,300,300,5,0,0,0,0,0,0,0,0,0,0,1,0,0,0,0,0,0,0,0
302,Марк,Mark,14,55.904553,37.538054,300,300,4,0,0,0,0,0,0,0,0,0,0,1,0,0,0,0,0,0,0,0
268,Люблино,Lyublino,10,55.67449,37.760995,300,300,6,1,0,1,1,0,0,1,0,0,0,0,0,0,0,1,0,0,1,0
309,Дегунино,Degunino,14,55.8656,37.573056,,,6,0,0,0,0,0,0,0,0,0,0,0,0,1,0,0,0,0,0,0
320,Сетунь,Setun,14,55.723629,37.397248,300,300,6,0,0,0,0,0,0,0,0,0,0,1,0,0,0,0,0,0,0,0
321,Немчиновка,Nemchinovka,14,55.714272,37.370907,300,300,3,0,0,0,0,0,0,0,0,0,0,0,0,0,0,0,0,0,0,0
322,Сколково,Skolkovo,14,55.696372,37.337605,300,300,2,0,0,0,0,0,0,0,0,0,0,1,0,0,0,0,0,0,0,0
324,Одинцово,Odintsovo,14,55.672419,37.282651,300,300,4,0,0,0,0,0,0,0,0,0,0,1,0,0,0,0,0,0,0,0
325,Нахабино,Nakhabino,15,55.841667,37.184831,300,300,2,0,0,0,0,0,1,0,0,0,0,1,0,0,0,0,0,0,0,0
326,Аникеевка,Anikeevka,15,55.832005,37.21991,300,300,3,0,1,0,0,0,0,0,0,0,0,0,0,0,0,0,0,0,0,0
327,Опалиха,Opalikha,15,55.82341,37.246466,300,300,2,0,0,0,0,0,0,0,0,0,0,1,0,0,0,0,0,0,0,0
329,Павшино,Pavshino,15,55.814958,37.339891,300,300,2,0,1,0,0,0,0,0,0,0,0,0,0,0,0,0,0,0,0,0
330,Пенягино,Penyagino,15,55.822871,37.361018,300,300,2,0,0,0,0,0,1,0,0,0,0,1,0,0,0,0,0,0,0,0
332,Трикотажная,Trikotazhnya,15,55.833079,37.399032,300,300,6,0,1,0,0,0,0,0,0,0,0,0,0,1,0,0,0,0,0,0
335,Стрешнево,Streshnevo,15,55.815369,37.487877,300,300,5,0,0,0,0,0,1,0,0,0,0,1,0,0,0,0,0,0,0,0
337,Гражданская,Grazhdanskaya,15,55.805419,37.554045,300,300,4,0,1,0,0,0,0,0,0,0,0,0,0,0,0,0,0,0,0,0
346,Москва-Товарная,Moskva-Tovarnaya,15,55.745297,37.689102,300,300,2,0,1,0,0,0,0,0,0,0,0,0,0,0,0,0,0,0,0,0
398,Косино,Kosino,17,55.7026,37.8511,300,300,2,1,0,0,0,0,1,0,0,0,0,1,0,0,0,0,0,0,0,0
396,Окская,Okskaya,17,55.7179,37.7817,300,300,4,1,0,0,0,0,1,0,0,0,0,1,0,0,0,0,0,0,0,0
397,Юго-Восточная,Yugo-Vostochnaya,17,55.7043,37.8181,300,300,4,1,0,0,0,0,1,0,0,0,0,1,0,0,0,0,0,0,0,0
400,Лухмановская,Lukhmanovskaya,17,55.708686,37.901363,300,300,4,1,0,0,0,0,1,0,0,0,0,1,0,0,0,0,0,0,0,0
401,Некрасовка,Nekrasovka,17,55.704414,37.927097,300,300,11,1,0,0,0,0,1,0,0,0,0,1,0,0,0,0,0,0,0,0
354,Люблино,Lyublino,15,55.685123,37.734066,300,300,4,0,1,0,0,0,0,0,0,0,0,0,0,0,0,0,0,0,0,0
394,Нижегородская,Nizhegorodskaya,17,55.731678,37.730311,300,300,6,0,0,0,0,0,1,0,0,0,0,1,0,0,0,0,0,0,0,0
352,Текстильщики,Tekstilschiki,15,55.708101,37.729593,,,1,0,1,0,0,0,0,0,0,0,0,1,0,0,0,0,0,0,0,0
356,Депо,Depo,15,55.674019,37.728027,300,300,5,0,1,0,0,0,0,0,0,0,0,0,0,0,0,0,0,0,0,0
348,Калитники,Kalitniki,15,55.733909,37.702455,300,300,3,0,1,0,0,0,0,0,0,0,0,0,0,1,0,0,0,0,0,0
358,Перерва,Pererva,15,55.661325,37.717035,300,300,3,0,1,0,0,0,0,0,0,0,0,0,0,1,0,0,0,0,0,0
360,Курьяново,Kuryanovo,15,55.649425,37.700874,300,300,2,0,0,0,0,0,1,0,0,0,0,1,0,0,0,0,0,0,0,0
362,Москворечье,Moskvorechye,15,55.641173,37.690119,300,300,2,0,1,0,0,0,0,0,0,0,0,0,0,0,0,0,0,0,0,0
365,Покровское,Pokrovskoe,15,55.602506,37.631691,300,300,2,0,0,0,0,0,0,0,0,0,0,1,0,0,0,0,0,0,0,0
97,Крылатское,Krylatskoe,3,55.756842,37.408139,300,300,8,1,1,1,1,1,0,0,0,0,0,0,0,0,1,1,1,0,1,0
371,Бутово,Butovo,15,55.5411,37.570634,300,300,4,0,1,0,0,0,0,0,0,0,0,0,0,1,0,0,0,0,0,0
373,Щербинка,Scherbinka,15,55.510322,37.562323,300,300,4,0,1,0,0,0,0,0,0,0,0,0,0,0,0,0,0,0,0,0
374,Остафьево,Ostafievo,15,55.490312,37.556388,300,300,2,0,0,0,0,0,1,0,0,0,0,1,0,0,0,0,0,0,0,0
376,Силикатная,Silikatnaya,15,55.470427,37.555356,300,300,3,0,1,0,0,0,0,0,0,0,0,0,0,0,0,0,0,0,0,0
349,Измайлово,Izmaylovo,16,55.789115,37.74312,300,300,3,0,1,0,0,0,1,0,0,0,0,1,0,0,0,0,0,0,1,0
389,Окружная,Okruzhnaya,16,55.848601,37.57313,300,300,3,0,1,0,0,0,1,0,0,0,0,1,0,0,0,0,0,0,1,0
340,Ростокино,Rostokino,16,55.839224,37.668399,300,300,2,0,1,0,0,0,0,0,0,0,0,1,0,0,0,0,0,0,1,0
375,Площадь Гагарина,Ploschad Gagarina,16,55.707088,37.58609,300,300,2,0,1,0,0,0,1,0,0,0,0,1,0,0,0,0,0,0,1,0
392,Лефортово,Lefortovo,11,55.764303,37.705508,300,300,1,1,0,0,0,0,1,0,0,0,0,1,0,0,0,0,0,0,0,0
388,Лихоборы,Likhobory,16,55.847165,37.55164,300,300,4,0,1,0,0,0,1,0,0,0,0,1,0,0,0,0,0,0,1,0
390,Владыкино,Vladykino,16,55.84743,37.590567,300,300,2,0,1,0,0,0,1,0,0,0,0,1,0,0,0,0,0,0,1,0
379,Кутузовская,Kutuzovskaya,16,55.740081,37.533772,300,300,4,0,1,0,0,0,1,0,0,0,0,1,0,0,0,0,0,0,1,0
345,Бульвар Рокоссовского,Bulvar Rokossovskogo,16,55.815857,37.73764,300,300,1,0,1,0,0,0,1,0,0,0,0,1,0,0,0,0,0,0,1,0
111,Парк Победы,Park Pobedy,3,55.736934,37.516009,480,480,6,0,1,0,0,0,1,0,0,0,0,0,0,0,0,0,0,1,0,0
370,Верхние Котлы,Verkhnie Kotly,16,55.689987,37.618048,300,300,2,0,1,0,0,0,1,0,0,0,0,1,0,0,0,0,0,0,1,0
403,Петровский парк,Petrovsky park,11,55.790566,37.555893,300,300,3,1,0,0,0,0,1,0,0,0,0,1,0,0,0,0,0,0,0,0
40,Войковская,Voykovskaya,2,55.818923,37.497791,300,300,7,1,1,1,1,1,0,1,1,0,0,0,1,0,1,1,1,0,0,0
44,Белорусская,Belorusskaya,2,55.777388,37.582206,300,300,1,1,0,0,0,0,0,0,0,0,0,0,0,0,0,0,0,0,0,0
366,Автозаводская,Avtozavodskaya,16,55.705483,37.661617,300,300,2,0,1,0,0,0,1,0,0,0,0,1,0,0,0,0,0,0,1,0
363,Царицыно,Tsaritsyno,15,55.618848,37.669586,300,300,4,0,0,0,0,0,0,0,0,0,0,0,0,1,0,0,0,0,0,0
308,Рассказовка,Rasskazovka,13,55.633968,37.334747,300,300,5,1,0,0,0,0,1,0,0,0,0,1,0,1,0,0,0,0,0,0
402,Савёловская,Savyolovskaya,11,55.792807,37.586122,300,300,7,1,0,0,0,0,1,0,0,0,0,0,0,0,0,0,0,0,1,1
404,ЦСКА,CSKA,11,55.785736,37.532015,300,300,2,1,1,0,0,0,1,0,0,0,1,1,0,0,0,0,0,0,0,0
387,Коптево,Koptevo,16,55.840081,37.52068,300,300,2,0,1,0,0,0,1,0,0,0,0,1,0,0,0,0,0,0,1,0
386,Балтийская,Baltiyskaya,16,55.825148,37.494728,300,300,2,0,1,0,0,0,1,0,0,0,0,1,0,0,0,0,0,0,1,0
384,Панфиловская,Panfilovskaya,16,55.798019,37.499821,300,300,2,0,1,0,0,0,1,0,0,0,0,1,0,0,0,0,0,0,1,0
383,Зорге,Zorge,16,55.789016,37.502651,300,300,2,0,1,0,0,0,1,0,0,0,0,1,0,0,0,0,0,0,1,0
382,Хорошёво,Khoroshyovo,16,55.777319,37.50705,300,300,2,0,1,0,0,0,0,0,0,0,0,1,0,0,0,0,0,0,1,0
381,Шелепиха,Shelepikha,16,55.756786,37.526043,300,300,2,0,1,0,0,0,1,0,0,0,0,1,0,0,0,0,0,0,1,0
372,Крымская,Krymskaya,16,55.689898,37.605455,300,300,3,0,1,0,0,0,1,0,0,0,0,1,0,0,0,0,0,0,1,0
368,ЗИЛ,ZIL,16,55.698665,37.649265,300,300,2,0,1,0,0,0,1,0,0,0,0,1,0,0,0,0,0,0,1,0
364,Дубровка,Dubrovka,16,55.712386,37.676574,300,300,3,0,1,0,0,0,1,0,0,0,0,1,0,0,0,0,0,0,1,0
361,Угрешская,Ugreshskaya,16,55.717944,37.695555,300,300,3,0,1,0,0,0,1,0,0,0,0,1,0,0,0,0,0,0,1,0
357,Нижегородская,Nizhegorodskaya,16,55.732469,37.728326,300,300,3,0,0,0,0,0,1,0,0,0,0,1,0,0,0,0,0,0,1,0
355,Андроновка,Andronovka,16,55.746319,37.736842,300,300,2,0,1,0,0,0,1,0,0,0,0,1,0,0,0,0,0,0,1,0
351,Соколиная гора,Sokolinaya gora,16,55.769914,37.745385,300,300,5,0,1,0,0,0,1,0,0,0,0,1,0,0,0,0,0,0,1,0
347,Локомотив,Lokomotiv,16,55.802781,37.745954,300,300,3,0,1,0,0,0,1,0,0,0,0,1,0,0,0,0,0,0,1,0
423,Кунцевская,Kuntsevskaya,11,55.728707,37.445985,,,3,1,1,0,0,0,1,0,0,0,0,1,0,0,0,0,0,0,1,1
407,Деловой центр,Delovoy Tsentr,13,55.749036,37.537593,300,300,0,1,0,0,0,0,1,0,0,0,0,0,0,0,0,0,0,0,0,0
427,Проспект Вернадского,Prospekt Vernadskogo,11,55.678519,37.503747,,,3,1,1,0,0,0,1,0,0,0,0,1,0,0,0,0,0,0,1,1
445,Печатники,Pechatniki,15,55.693024,37.732101,300,300,3,0,1,0,0,0,1,0,0,0,0,1,0,0,0,0,0,0,1,0
430,Зюзино,Zyuzino,11,55.655717,37.57369,,,4,1,1,0,0,0,1,0,0,0,0,1,0,0,0,0,0,0,1,0
429,Воронцовская,Vorontsovskaya,11,55.658845,37.539446,,,4,1,1,0,0,0,1,0,0,0,0,1,0,0,0,0,0,0,1,0
271,Каширская,Kashirskaya,11,55.654322,37.647279,300,300,2,1,0,0,0,0,0,0,0,0,0,0,0,0,0,0,0,0,0,0
408,Электрозаводская,Elektrozavodskaya,11,55.780918,37.703951,300,300,1,0,0,0,0,0,1,0,0,0,1,1,0,0,0,0,0,0,0,0
428,Новаторская,Novatorskaya  ,11,55.669823,37.52218,,,2,1,1,0,0,0,1,0,0,0,0,1,0,0,0,0,0,0,1,0
410,Мнёвники,Mnyovniki,11,55.761148,37.47139,,,4,1,0,0,0,0,0,0,0,0,0,1,0,0,0,0,0,0,0,0
424,Давыдково,Davydkovo,11,55.71468,37.451934,,,1,1,1,0,0,0,1,0,0,0,0,1,0,0,0,0,0,0,1,0
422,Терехово,Terekhovo,11,55.748108,37.459738,120,120,4,1,1,0,0,0,1,0,0,0,0,1,0,0,0,0,0,0,1,0
343,Площадь трёх вокзалов,Ploschad Tryokh Vokzalov,15,55.776122,37.651446,300,300,2,0,1,0,0,0,0,0,0,0,0,1,0,0,0,0,0,0,0,0
501,Марьина Роща,Maryina Roscha,15,55.800821,37.619137,,,2,0,0,0,0,0,1,0,0,0,0,1,0,0,0,0,0,0,0,0
500,Марьина Роща,Maryina Roscha,11,55.797024,37.616531,,,1,1,1,0,0,0,0,0,0,0,0,0,0,0,0,0,0,0,0,0
496,Нагатинский Затон,Nagatinskiy zaton,11,55.684341,37.704649,,,1,1,1,0,0,0,1,0,0,0,0,1,0,0,0,0,0,0,0,0
497,Кленовый бульвар,Klenoviy Bulvar,11,55.674344,37.681166,,,1,1,1,0,0,0,1,0,0,0,0,1,0,0,0,0,0,0,1,0
409,Народное Ополчение,Narodnoe Opolchenie,11,55.775697,37.485071,,,4,1,0,0,0,0,0,0,0,0,0,1,0,0,0,0,0,0,0,0
498,Сокольники,Sokolniki,11,55.788991,37.67988,,,3,1,1,0,0,0,1,0,0,0,1,1,0,0,0,0,0,0,1,0
499,Рижская,Rizhskaya,11,55.792009,37.633867,,,7,1,1,0,0,0,0,0,0,0,0,0,0,0,0,0,0,0,1,0
341,Рижская,Rizhskaya,15,55.794038,37.638741,300,300,2,0,1,0,0,0,0,0,0,0,0,0,0,0,0,0,0,0,0,0
393,Авиамоторная,Aviamotornaya,11,55.753305,37.719643,300,300,1,1,0,0,0,0,1,0,0,0,0,1,0,0,0,0,0,0,0,0
269,Варшавская,Varshavskaya,11,55.653075,37.61792,300,300,4,1,0,0,0,0,0,0,0,0,0,0,0,0,0,0,0,0,0,0
495,Печатники,Pechatniki,11,55.693645,37.726304,,,2,1,1,0,0,0,1,0,0,0,0,1,0,0,0,0,0,0,0,0
494,Текстильщики,Tekstilschiki,11,55.707281,37.728376,,,2,1,1,0,0,0,1,0,0,0,0,1,0,0,0,0,0,0,1,1
493,Нижегородская,Nizhegorodskaya,11,55.73199,37.729275,,,6,1,0,0,0,0,1,0,0,0,1,1,0,0,0,0,0,0,0,0
367,Красный Строитель,Krasniy Stroitel,15,55.589724,37.615151,300,300,2,0,1,0,0,0,0,0,0,0,0,0,0,0,0,0,0,0,0,0
531,Удельная,Udelnaya,36,55.634352,38.044489,,,2,0,0,0,0,0,0,0,0,0,0,0,0,0,0,0,0,0,0,0
537,Фабричная,Fabrichnaya,36,55.572605,38.206801,,,5,0,0,0,0,0,0,0,0,0,0,0,0,0,0,0,0,0,0,0
535,Кратово,Kratovo,36,55.591362,38.162373,,,4,0,0,0,0,0,0,0,0,0,0,0,0,0,0,0,0,0,0,0
534,Отдых,Otdykh,36,55.601295,38.135526,,,3,0,0,0,0,0,0,0,0,0,0,0,0,0,0,0,0,0,0,0
533,Ильинская,Ilyinskaya,36,55.615747,38.102483,,,3,0,0,0,0,0,0,0,0,0,0,0,0,0,0,0,0,0,0,0
532,Быково,Bykovo,36,55.626346,38.073039,,,5,0,0,0,0,0,0,0,0,0,0,0,0,0,0,0,0,0,0,0
530,Малаховка,Malakhovka,36,55.64523,38.009449,,,5,0,0,0,0,0,0,0,0,0,0,0,0,0,0,0,0,0,0,0
529,Красково,Kraskovo,36,55.650254,37.981848,,,3,0,0,0,0,0,0,0,0,0,0,0,0,0,0,0,0,0,0,0
528,Томилино,Tomilino,36,55.655609,37.95234,,,2,0,0,0,0,0,0,0,0,0,0,0,0,0,0,0,0,0,0,0
546,Новогиреево,Novogireevo,37,55.744471,37.81938,,,3,0,0,0,0,0,0,0,0,0,0,0,0,0,0,0,0,0,0,0
567,Внуково,Vnukovo,37,55.649031,37.269534,,,2,0,0,0,0,0,0,0,0,0,0,1,0,0,0,0,0,0,0,0
523,Выхино,Vykhino,36,55.716063,37.816051,,,2,0,0,0,0,0,0,0,0,0,0,0,0,1,0,0,0,0,0,0
539,Ипподром,Ippodrom,36,55.559615,38.240749,,,2,0,0,0,0,0,0,0,0,0,0,1,0,0,0,0,0,0,0,0
569,Толстопальцево,Tolstopaltsevo,37,55.607552,37.18589,,,2,0,0,0,0,0,0,0,0,0,0,1,0,0,0,0,0,0,0,0
568,Лесной Городок,Lesnoy Gorodok,37,55.631931,37.218274,,,2,0,0,0,0,0,0,0,0,0,0,1,0,0,0,0,0,0,0,0
538,Раменское,Ramenskoe,36,55.565605,38.226271,,,6,0,0,0,0,0,0,0,0,0,0,0,0,0,0,0,0,0,0,0
557,Кутузовская,Kutuzovskaya,37,55.740081,37.533772,,,3,0,0,0,0,0,0,0,0,0,0,1,0,0,0,0,0,0,0,0
565,Переделкино,Peredelkino,37,55.656276,37.354897,,,2,0,0,0,0,0,0,0,0,0,0,1,0,0,0,0,0,0,0,0
564,Солнечная,Solnechnaya,37,55.657377,37.385526,,,3,0,0,0,0,0,0,0,0,0,0,1,0,0,0,0,0,0,0,0
563,Мещерская,Mescherskaya,37,55.666736,37.424606,,,2,0,0,0,0,0,0,0,0,0,0,1,0,0,0,0,0,0,0,0
562,Очаково,Ochakovo,37,55.683236,37.450691,,,2,0,0,0,0,0,0,0,0,0,0,1,0,0,0,0,0,0,0,0
561,Аминьевская,Aminyevskaya,37,55.69791,37.469579,,,2,0,0,0,0,0,0,0,0,0,0,1,0,0,0,0,0,0,0,0
518,Авиамоторная,Aviamotornaya,36,55.751078,37.721122,,,3,0,0,0,0,0,0,0,0,0,0,1,0,0,0,0,0,0,0,0
560,Матвеевская,Matveevskaya,37,55.70457,37.481624,,,1,0,0,0,0,0,0,0,0,0,0,1,0,0,0,0,0,0,0,0
527,Панки,Panki,36,55.668695,37.924869,,,6,0,0,0,0,0,0,0,0,0,0,0,0,0,0,0,0,0,0,0
551,Курская,Kurskaya,37,55.758293,37.662377,,,2,0,0,0,0,0,0,0,0,0,0,0,0,0,0,0,0,0,0,0
541,Ольгино,Olgino,37,55.751804,37.980836,,,2,0,0,0,0,0,0,0,0,0,0,1,0,0,0,0,0,0,0,0
510,Ховрино,Khovrino,36,55.880328,37.485564,,,2,0,0,0,0,0,0,0,0,0,0,1,0,1,0,0,0,0,0,0
553,Марьина Роща,Maryina Roscha,37,55.800826,37.619103,,,2,0,0,0,0,0,0,0,0,0,0,1,0,0,0,0,0,0,0,0
516,Электрозаводская,Elektrozavodskaya,36,55.781079,37.705043,,,2,0,0,0,0,0,0,0,0,0,0,1,0,0,0,0,0,0,0,0
526,Люберцы,Lyubertsy,36,55.681781,37.897077,,,3,0,0,0,0,0,0,0,0,0,0,0,0,0,0,0,0,0,0,0
550,Серп и Молот,Serp i Molot,37,55.748184,37.682253,,,1,0,0,0,0,0,0,0,0,0,0,0,0,0,0,0,0,0,0,0
549,Нижегородская,Nizhegorodskaya,37,55.733366,37.729584,,,3,0,0,0,0,0,0,0,0,0,0,1,0,0,0,0,0,0,0,0
548,Чухлинка,Chukhlinka,37,55.733406,37.763127,,,2,0,0,0,0,0,0,0,0,0,0,0,0,0,0,0,0,0,0,0
520,Перово,Perovo,36,55.736305,37.762698,,,4,0,0,0,0,0,0,0,0,0,0,0,0,0,0,0,0,0,0,0
547,Кусково,Kuskovo,37,55.739541,37.794706,,,2,0,0,0,0,0,0,0,0,0,0,0,0,0,0,0,0,0,0,0
545,Реутов,Reutov,37,55.75157,37.855701,,,4,0,0,0,0,0,0,0,0,0,0,0,0,0,0,0,0,0,0,0
543,Салтыковская,Saltykovskaya,37,55.757793,37.922254,,,2,0,0,0,0,0,0,0,0,0,0,0,0,0,0,0,0,0,0,0
542,Кучино,Kuchino,37,55.752099,37.955134,,,2,0,0,0,0,0,0,0,0,0,0,0,0,0,0,0,0,0,0,0
524,Косино,Kosino,36,55.705625,37.847683,,,2,0,0,0,0,0,0,0,0,0,0,0,0,0,0,0,0,0,0,0
522,Вешняки,Veshnyaki,36,55.722627,37.797186,,,2,0,0,0,0,0,0,0,0,0,0,0,0,0,0,0,0,0,0,0
521,Плющево,Plyuschevo,36,55.730581,37.777364,,,4,0,0,0,0,0,0,0,0,0,0,0,0,0,0,0,0,0,0,0
519,Андроновка,Andronovka,36,55.745753,37.738649,,,3,0,0,0,0,0,0,0,0,0,0,0,0,0,0,0,0,0,0,0
515,Останкино,Ostankino,36,55.817918,37.603096,,,6,0,0,0,0,0,0,0,0,0,0,0,0,0,0,0,0,0,0,0
513,Лихоборы,Likhobory,36,55.850201,37.55231,,,4,0,0,0,0,0,0,0,0,0,0,1,0,0,0,0,0,0,0,0
512,Моссельмаш,Mosselmash,36,55.86163,37.525199,,,2,0,0,0,0,0,0,0,0,0,0,0,0,0,0,0,0,0,0,0
509,Левобережная,Levoberezhnaya,36,55.886904,37.469711,,,2,0,0,0,0,0,0,0,0,0,0,0,0,0,0,0,0,0,0,0
508,Химки,Khimki,36,55.894299,37.4526,,,5,0,0,0,0,0,0,0,0,0,0,0,0,0,0,0,0,0,0,0
514,Петровско-Разумовская,Petrovsko-Razumovskaya,36,55.839461,37.568569,,,2,0,0,0,0,0,0,0,0,0,0,0,0,1,0,0,0,0,0,0
507,Молжаниново,Molzhaninovo,36,55.924644,37.381207,,,2,0,0,0,0,0,0,0,0,0,0,0,0,0,0,0,0,0,0,0
554,Савёловская,Savyolovskaya,37,55.794325,37.590278,,,4,0,0,0,0,0,0,0,0,0,0,0,0,0,0,0,0,0,0,0
556,Москва-Сити,Moskva-City,37,55.74782,37.531973,,,8,0,0,0,0,0,0,0,0,0,0,1,0,0,0,0,0,0,0,0
555,Белорусская,Beloruskaya,37,55.776942,37.580414,,,3,0,0,0,0,0,0,0,0,0,0,1,0,0,0,0,0,0,0,0
506,Новоподрезково,Novopodrezkovo,36,55.936555,37.352689,,,2,0,0,0,0,0,0,0,0,0,0,0,0,0,0,0,0,0,0,0
505,Подрезково,Podrezkovo,36,55.942453,37.332697,,,2,0,0,0,0,0,0,0,0,0,0,0,0,0,0,0,0,0,0,0
504,Сходня,Skhodnya,36,55.949438,37.298962,,,6,0,0,0,0,0,0,0,0,0,0,0,0,0,0,0,0,0,0,0
502,Зеленоград-Крюково,Zelenograd-Kryukovo,36,55.980454,37.172383,,,9,0,0,0,0,0,0,0,0,0,0,1,0,0,0,0,0,0,0,0
517,Сортировочная,Sortirovochnaya,36,55.762849,37.721192,,,4,0,0,0,0,0,0,0,0,0,0,0,0,0,0,0,0,0,0,0
579,Физтех,Fiztekh,10,55.920787,37.546117,,,1,1,0,0,0,0,0,0,0,0,0,1,0,0,0,0,0,0,0,0
578,Лианозово,Lianozovo,10,55.897318,37.543962,,,7,1,0,0,0,0,0,0,0,0,0,1,0,0,0,0,0,0,0,0
639,Корниловская,Kornilovskaya,75,55.597925,37.479323,,,2,0,0,0,0,0,0,0,0,0,0,1,0,0,0,0,0,0,0,0
640,Коммунарка,Kommunarka,75,55.573578,37.467536,,,2,0,0,0,0,0,0,0,0,0,0,1,0,0,0,0,0,0,0,0
580,Пыхтино,Pykhtino,13,55.625047,37.297768,,,1,1,0,0,0,0,0,0,0,0,0,1,0,0,0,0,0,0,0,0
571,Санино,Sanino,37,55.584007,37.138015,,,4,0,0,0,0,0,0,0,0,0,0,1,0,0,0,0,0,0,0,0
628,Митьково,Mitkovo,36,55.785341,37.672495,,,1,0,0,0,0,1,0,0,0,0,0,1,0,0,0,0,0,0,1,0
574,Апрелевка,Aprelevka,37,55.55016,37.066903,,,2,0,0,0,0,0,0,0,0,0,0,1,0,0,0,0,0,0,0,0
572,Крёкшино,Kryokshino,37,55.577949,37.109853,,,2,0,0,0,0,0,0,0,0,0,0,1,0,0,0,0,0,0,0,0
573,Победа,Pobeda,37,55.566207,37.092795,,,2,0,0,0,0,0,0,0,0,0,0,1,0,0,0,0,0,0,0,0
576,Новопеределкино,Novoperedelkino,38,55.638766,37.382211,,,1,0,0,0,0,0,0,0,0,0,0,0,0,0,0,0,0,0,0,0
641,Новомосковская,Novomoskovskaya,75,55.560715,37.465379,,,1,0,0,0,0,0,0,0,0,0,0,1,0,0,0,0,0,0,0,0
637,Тютчевская,Tyutchevskaya,75,55.618801,37.481415,,,1,0,0,0,0,0,0,0,0,0,0,1,0,0,0,0,0,0,0,0
634,Новаторская,Novatorskaya,75,55.668931,37.523906,,,4,0,0,0,0,0,0,0,0,0,0,1,0,0,0,0,0,0,0,0
39,Новомосковская,Kommunarka,1,55.55968,37.469441,300,300,4,1,0,0,0,0,1,0,0,0,0,1,0,1,0,0,0,0,0,0
544,Никольское,Nikolskoe,37,55.759653,37.897518,,,2,0,0,0,0,0,0,0,0,0,0,0,0,0,0,0,0,0,0,0
638,Потапово,Potapovo,1,55.553329,37.493208,,,7,0,0,0,0,0,0,0,0,0,0,1,0,0,0,0,0,0,0,0
552,Площадь трёх вокзалов,Ploschad Tryokh Vokzalov,37,55.77607,37.65168,,,1,0,0,0,0,0,0,0,0,0,0,1,0,0,0,0,0,0,0,0
575,Солнечная,Solnechnaya,38,55.657377,37.385526,,,3,0,0,0,0,0,0,0,0,0,0,1,0,0,0,0,0,0,0,0
636,Генерала Тюленева,Generala Tyuleneva,75,55.626248,37.486032,,,2,0,0,0,0,0,0,0,0,0,0,1,0,0,0,0,0,0,0,0
25,Водный стадион,Vodniy Stadion,2,55.839881,37.486769,300,300,2,1,1,0,1,0,0,0,0,0,0,0,0,0,0,0,0,0,0,0
212,Волгоградский проспект,Volgogradsky Prospekt,8,55.725654,37.685042,300,300,4,1,1,0,1,0,0,0,0,0,0,0,0,0,0,0,0,0,0,0
245,Верхние Лихоборы,Verkhnie Likhobory,10,55.85565,37.56111,300,300,4,1,0,0,0,0,1,0,0,0,0,0,0,0,0,0,0,0,0,0
153,Александровский сад,Aleksandrovsky Sad,4,55.752308,37.609498,300,300,6,1,1,0,1,0,0,0,0,0,1,0,0,0,0,0,0,0,0,0
9,Преображенская площадь,Preobrazhenskaya Ploschad,1,55.796167,37.715022,300,300,13,1,0,1,0,1,0,1,1,0,0,0,1,0,1,1,1,0,1,0
353,Шоссе Энтузиастов,Shosse Entuziastov,16,55.758878,37.746307,300,300,2,0,1,0,0,0,1,0,0,0,0,1,0,0,0,0,0,0,1,0
289,Парк Победы,Park Pobedy,13,55.736445,37.51598,480,480,6,1,0,0,1,0,0,0,0,0,0,0,0,0,0,0,0,0,1,0
293,Ломоносовский проспект,Lomonosovskiy prospekt,13,55.70706,37.516063,,,6,1,1,0,0,0,1,0,0,0,0,1,0,0,0,0,0,0,0,0
426,Мичуринский проспект,Michurinskiy Prospekt,11,55.688203,37.485304,,,4,1,1,0,0,0,1,0,0,0,0,1,0,0,0,0,0,0,1,0
235,Бульвар Дмитрия Донского,Bulvar Dmitriya Donskogo,7,55.569406,37.576543,300,300,10,1,1,1,1,1,0,1,1,0,0,0,1,1,0,1,0,0,0,0
581,Аэропорт Внуково,Aeroport Vnukovo,13,55.606303,37.289016,,,3,1,0,0,0,0,0,0,0,0,0,1,0,0,0,0,0,0,0,0
280,Улица Скобелевская,Ulitsa Skobelevskaya,12,55.547754,37.553229,300,300,2,0,0,0,0,0,1,0,1,0,0,1,0,0,0,0,0,0,0,0
281,Бульвар Адмирала Ушакова,Bulvar Admirala Ushakova,12,55.544953,37.541286,300,300,1,0,0,0,0,0,1,0,1,0,0,0,0,1,0,0,0,0,0,0
10,Сокольники,Sokolniki,1,55.788991,37.67988,300,300,2,1,0,0,0,0,0,0,0,0,0,1,0,0,0,0,0,1,0,0
163,Комсомольская,Komsomolskaya,6,55.774508,37.655979,300,300,12,1,1,0,0,0,0,0,0,0,1,0,0,0,0,0,0,1,1,0
14,Чистые пруды,Chistiye prudi,1,55.764926,37.638387,300,300,2,1,1,0,0,0,0,0,0,0,0,0,0,0,0,0,0,0,0,0
19,Парк культуры,Park Kultury,1,55.735819,37.594683,300,300,2,1,0,0,0,0,0,0,0,0,0,0,0,0,0,0,0,1,0,0
20,Фрунзенская,Frunzenskaya,1,55.727313,37.580463,300,300,1,1,0,0,0,0,0,0,0,0,0,0,0,0,0,0,0,0,0,0
35,Саларьево,Salaryevo,1,55.621811,37.424048,300,300,2,1,1,0,1,0,1,0,0,0,0,1,0,0,0,0,0,0,1,0
6,Беломорская,Belomorskaya,2,55.865369,37.475692,300,300,2,1,0,0,0,0,1,0,0,0,0,1,0,0,0,0,0,0,0,0
47,Театральная,Teatralnaya,2,55.757967,37.619001,300,300,3,0,1,0,0,1,0,0,0,0,0,0,0,0,0,0,0,0,0,0
92,Коломенская,Kolomenskaya,2,55.678407,37.663827,300,300,8,0,0,0,1,1,0,1,0,0,0,0,1,0,1,1,1,0,1,0
147,Красногвардейская,Krasnogvardeyskaya,2,55.613605,37.744055,300,300,8,1,0,0,0,0,0,0,0,0,0,0,0,0,0,0,0,0,0,0
90,Пятницкое шоссе,Pyatnitskoe Shosse,3,55.855967,37.354132,300,300,5,1,1,0,0,0,1,0,0,0,0,1,0,0,1,1,0,0,1,0
100,Кунцевская,Kuntsevskaya,3,55.730603,37.445437,300,300,2,1,0,0,0,0,1,0,0,0,0,1,0,0,0,0,0,0,0,0
118,Площадь Революции,Ploschad Revolyutsii,3,55.756802,37.62272,300,300,2,1,0,0,0,0,0,0,0,0,1,0,0,0,0,0,0,1,0,0
123,Партизанская,Partizanskaya,3,55.788478,37.749665,300,300,1,1,1,0,1,0,0,0,0,0,0,0,0,0,0,0,0,0,0,0
140,Деловой центр,Delovoy Tsentr,4,55.748358,37.544207,300,300,5,1,0,0,0,0,0,0,1,0,1,0,0,0,0,0,0,0,0,0
380,Москва-Сити,Moskva-City,16,55.747099,37.532078,300,300,5,0,1,0,0,0,1,0,0,0,0,1,0,0,0,0,0,0,1,0
139,Москва-Сити,Moskva-City,4,55.748112,37.53299,300,300,6,1,1,0,0,0,1,0,0,0,0,1,0,0,0,0,0,0,0,0
159,Проспект Мира,Prospekt Mira,5,55.779724,37.633533,300,300,1,1,0,0,0,0,0,0,0,0,0,0,0,0,0,0,0,1,0,0
165,Таганская,Taganskaya,6,55.742499,37.653242,300,300,3,0,0,0,0,0,0,0,0,0,0,0,0,0,0,0,0,0,0,0
155,Ботанический сад,Botanicheskiy Sad,5,55.84592,37.638406,300,300,4,1,1,1,1,1,0,0,0,0,0,0,1,0,1,1,0,0,0,0
338,Ботанический сад,Botanicheskiy Sad,16,55.845905,37.639822,300,300,2,0,1,0,0,0,0,0,0,0,0,1,0,0,0,0,0,0,1,0
207,Китай-город,Kitay-gorod,8,55.756272,37.629987,300,300,14,1,0,1,1,1,0,1,0,0,0,0,1,0,1,1,1,1,1,0
175,Шаболовская,Shabolovskaya,5,55.718744,37.60774,300,300,1,1,0,0,0,0,0,0,0,0,0,0,0,0,0,0,0,0,0,0
184,Коньково,Konkovo,5,55.634333,37.51896,300,300,10,1,1,1,1,1,0,0,1,0,0,0,1,0,1,1,1,0,1,0
194,Тушинская,Tushinskaya,8,55.825615,37.436026,300,300,5,1,0,0,0,0,0,1,0,0,0,1,0,0,0,1,0,0,1,0
200,Полежаевская,Polezhaevskaya,8,55.777621,37.521656,300,300,7,1,0,0,1,0,1,0,0,0,0,0,0,0,0,0,0,0,0,0
220,Котельники,Kotelniki,8,55.6739,37.859129,300,300,7,1,1,0,1,0,1,0,0,0,0,1,0,1,0,0,0,0,1,0
242,Марксистская,Marksistskaya,9,55.740642,37.656423,300,300,2,1,0,0,1,0,0,1,0,0,0,0,0,0,1,1,1,0,1,0
559,Минская,Minskaya,37,55.723645,37.500681,,,1,0,0,0,0,0,0,0,0,0,0,1,0,0,0,0,0,0,0,0
305,Боровское шоссе,Borovskoe shosse,13,55.647,37.3702,300,300,3,1,1,0,0,0,1,0,0,0,0,1,0,0,0,0,0,0,0,0
190,Отрадное,Otradnoe,7,55.862542,37.604393,300,300,8,1,0,1,1,1,0,0,0,0,0,0,0,0,1,1,1,0,1,0
339,Дмитровская,Dmitrovskaya,15,55.808688,37.583252,300,300,3,0,1,0,0,0,0,0,0,0,0,0,0,0,0,0,0,0,0,0
205,Дмитровская,Dmitrovskaya,7,55.807873,37.580249,300,300,4,1,0,0,1,1,0,1,0,0,1,0,0,0,1,0,1,0,1,0
209,Савёловская,Savyolovskaya,7,55.794244,37.588822,300,300,5,1,0,1,0,1,0,0,0,0,1,0,0,0,1,1,1,0,0,0
224,Серпуховская,Serpukhovskaya,7,55.726855,37.62484,300,300,2,1,0,0,0,1,0,0,0,0,0,0,0,0,1,1,1,0,1,0
229,Севастопольская,Sevastopolskaya,7,55.651325,37.598403,300,300,4,1,0,0,0,0,0,0,0,0,0,0,0,0,0,0,0,0,1,0
405,Хорошёвская,Khoroshyovskaya,11,55.776915,37.516803,300,300,8,1,1,0,0,0,1,0,0,0,1,1,0,0,0,0,0,0,0,0
425,Аминьевская,Aminyevskaya,11,55.697189,37.464931,,,8,1,1,0,0,0,1,0,0,0,0,1,0,0,0,0,0,0,1,0
385,Стрешнево,Streshnevo,16,55.813693,37.48708,300,300,5,0,1,0,0,0,1,0,0,0,0,1,0,0,0,0,0,0,1,0
377,Лужники,Luzhniki,16,55.720926,37.560156,300,300,1,0,1,0,0,0,1,0,0,0,0,1,0,0,0,0,0,0,1,0
359,Новохохловская,Novokhokhlovskaya,16,55.724191,37.716879,300,300,2,0,1,0,0,0,1,0,0,0,0,1,0,0,0,0,0,0,1,0
577,Яхромская,Yakhromskaya,10,55.881055,37.544946,,,3,1,0,0,0,0,0,0,0,0,0,1,0,0,0,0,0,0,0,0
395,Стахановская,Stakhanovskaya,17,55.7268,37.7514,300,300,2,1,0,0,0,0,1,0,0,0,0,1,0,0,0,0,0,0,0,0
399,Улица Дмитриевского,Ulitsa Dmitrievskogo,17,55.710197,37.878906,300,300,3,1,0,0,0,0,1,0,0,0,0,1,0,0,0,0,0,0,0,0
310,Окружная,Okruzhnaya,14,55.847908,37.574237,300,300,8,0,0,0,0,0,0,0,0,0,0,1,0,0,0,0,0,0,0,0
246,Окружная,Okruzhnaya,10,55.844002,37.575951,300,300,1,1,0,0,0,0,1,0,0,0,0,1,0,0,0,0,0,0,0,0
263,Кожуховская,Kozhukhovskaya,10,55.706209,37.685374,300,300,2,1,0,0,0,0,0,0,0,0,0,0,0,0,0,1,0,0,1,0
299,Долгопрудная,Dolgoprudnaya,14,55.938911,37.520482,300,300,3,0,0,0,0,0,0,0,0,0,0,1,0,0,0,0,0,0,0,0
274,Шипиловская,Shipilovskaya,10,55.620317,37.743106,300,300,5,1,0,1,1,1,1,0,0,0,0,1,0,1,1,1,0,0,1,0
275,Зябликово,Zyablikovo,10,55.613529,37.74561,300,300,3,1,1,0,0,0,1,0,0,0,0,1,1,1,1,1,0,0,1,0
540,Железнодорожная,Zheleznodorozhnaya,37,55.752544,38.010007,,,1,0,0,0,0,0,0,0,0,0,0,1,0,0,0,0,0,0,0,0
323,Баковка,Bakovka,14,55.682523,37.314601,300,300,2,0,0,0,0,0,0,0,0,0,0,1,0,0,0,0,0,0,0,0
328,Красногорская,Krasnogorskaya,15,55.814738,37.303322,300,300,2,0,1,0,0,0,0,0,0,0,0,0,0,0,0,0,0,0,0,0
350,Новохохловская,Novokhokhlovskaya,15,55.724417,37.713625,300,300,2,0,0,0,0,0,1,0,0,0,0,1,0,0,0,0,0,0,0,0
369,Битца,Bitsa,15,55.571288,37.611674,300,300,4,0,1,0,0,0,0,0,0,0,0,0,0,0,0,0,0,0,0,0
378,Подольск,Podolsk,15,55.432363,37.565744,300,300,5,0,0,0,0,0,0,0,0,0,0,1,0,0,0,0,0,0,0,0
558,Поклонная,Poklonnaya,37,55.728294,37.511704,,,2,0,0,0,0,0,0,0,0,0,0,1,0,0,0,0,0,0,0,0
566,Мичуринец,Michurinets,37,55.646211,37.316119,,,2,0,0,0,0,0,0,0,0,0,0,1,0,0,0,0,0,0,0,0
570,Кокошкино,Kokoshkino,37,55.599827,37.171349,,,2,0,0,0,0,0,0,0,0,0,0,1,0,0,0,0,0,0,0,0
536,Есенинская,Eseninskaya,36,55.581782,38.185544,,,4,0,0,0,0,0,0,0,0,0,0,0,0,0,0,0,0,0,0,0
525,Ухтомская,Ukhtomskaya,36,55.698606,37.865022,,,3,0,0,0,0,0,0,0,0,0,0,0,0,0,0,0,0,0,0,0
511,Грачёвская,Grachyovskaya,36,55.869855,37.507448,,,2,0,0,0,0,0,0,0,0,0,0,0,0,0,0,0,0,0,0,0
503,Фирсановская,Firsanovskaya,36,55.960528,37.251122,,,2,0,0,0,0,0,0,0,0,0,0,0,0,0,0,0,0,0,0,0
169,Третьяковская,Tretyakovskaya,5,55.740683,37.625617,300,300,1,0,0,0,1,0,0,0,0,0,0,0,0,0,0,0,0,1,0,0
294,Раменки,Ramenki,13,55.697691,37.498725,300,300,7,1,1,0,0,0,1,0,0,0,0,1,0,0,0,0,0,0,0,0
635,Университет Дружбы Народов,Universitet Druzhby Narodov,75,55.64824,37.507556,,,1,0,0,0,0,0,0,0,0,0,0,0,0,0,0,0,0,0,0,0
666,ЗИЛ,ZIL,75,55.696869,37.645087,,,2,0,1,0,0,0,0,0,0,0,0,1,0,0,0,0,0,0,0,0
665,Крымская,Krymskaya,75,55.68975,37.608859,,,2,1,1,0,0,0,1,0,0,0,0,1,0,0,0,0,0,0,1,0
664,Академическая,Akademicheskaya,75,55.687061,37.575666,,,2,0,1,0,0,0,0,0,0,0,0,1,0,0,0,0,0,0,0,0
663,Вавиловская,Vavilovskaya,75,55.685021,37.541162,,,2,0,1,0,0,0,0,0,0,0,0,1,0,0,0,0,0,0,0,0
